ğŸŒ±SEED âœˆï¸ | DropsğŸ’§ğŸ¦’ğŸ Î£
On fir
ğŸŒ±SEED ğŸ’°XWorld
ğŸ†™ UXUY ğŸ’°XWorld
(ğŸŒ±SEED)ğŸ
Ğ”Ğ¾Ğ±Ñ€Ñ‹Ğ¹
""" SUI"
ğŸŒ±
L9v6
Pradana
#Memhash
Zadorozhniy
Dexter
ĞšÑƒĞ»ĞµÑˆĞ¾Ğ²
R
Beck ğŸ…ğŸ’ 
ğŸ¸ğŸ‹
Gr
Ğ˜Ğ»ÑŒĞ¸Ñ‡
XTT
Abduazimov
Ad

S
Rahmatov
ĞšÑ€ÑƒÑ‚Ğ¾Ğ¹
| DropsğŸ’§
| DropsğŸ’§
Sheikh
YouTube
Amir
#ĞœĞ¢Ğ Ğš
Gaming
Rofana â–ª| DropsğŸ’§
| DropsğŸ’§
Omanov
| DropsğŸ’§
Nahar | DropsğŸ’§
| DropsğŸ’§
| DropsğŸ’§
| DropsğŸ’§
BeğŸ
#Memhash Î£
}I[ Í¢ Í¥Ì¶ Ì¶ Í£Ì¶ Í“ Í«Ì¶ ğ“†©ğšƒğ™´ğ™°ğ™¼_ğ™¾ğ™µ_ğ™´ğš…ğ™¸ğ™»ğš‚ğ“†ª
| DropsğŸ’§
| DropsğŸ’§
Khatun | DropsğŸ’§
| DropsğŸ’§
| DropsğŸ’§
| DropsğŸ’§
Â Hamza | ğŸ†™ UXUY
| DropsğŸ’§
ZeeroğŸ®
ĞšĞ¾Ñ€Ğ¾Ğ»ĞµĞ²Ğ°
ĞœĞ¸Ñ€Ğ¾Ğ½Ğ¾Ğ²
Ibragimov
3Ğ¥Ğµ
Ğ‘Ğ°ÑĞ°ĞµĞ²ğŸŒ±SEEDâ–ªï¸
ğŸŒ±SEED âœŒï¸Yescoiner
ğŸˆâ€
ğŸˆâ€
ğŸˆâ€
ğŸˆâ€
ğŸˆâ€
ğŸˆâ€ğŸ
ğŸ¼
$CFI ğŸ¦´ğŸ†“ğŸ’ğŸ”µ ONU
ALAMIN
ğŸ¥°
Islam
Madalliyev
Ahmadalliyev
Otkirov
Asosiy
Shermatov
Makhamov
Ismoilbek
Abduqaxorov
SAGDULLAYEV
Sale
h
Cuan ğŸŒ±SEED áŠ||áŠ DeSpeed áŠ||áŠ
Kryston
ğŸ ğŸ†™ UXUY
ğŸ¥ â–ªï¸Seed ğŸğŸ¦’ğŸÎ£ğŸ†™ UXUY
ğŸŒ±SEED
zenberg ğŸŒ±SEED ğŸ’²BLMğŸ¦´
....
ğŸ ğŸ†™ UXUY
Uc sale
ISLOM (JALAP)
Ğ°Ğ°Ğº
Â¢
N
1
Ğ¢
Jasur
Î†NTÎŒNIE
ê¯­â£ê¯­â²€ ê¯­â²Œ ê¯­â²“ ê¯­â²Œâ€¢[ê¯­ğŸ‡®ğŸ‡²ê¯­]â€¢ğ™½ê¯­ê¯­â²ê¯­â²˜ê¯­â²ê¯­â²šê¯­â³’â²ê¯­ğ™½ê¯­â²‰ê¯­â²Šê¯­ğŸ€ê¯­
Â¢
Ğ”Ğ¸Ğ°Ğ½Ğ°
ê¯­ê¯­â³ê¯­á´œá´¢ê¯­á´Ç«ê¯­à½²á´ ê¯­á´€Ç«ê¯­á´›à½²ê¯­á´‹Éªê¯­Ê€ê¯­á´ê¯­á´€É¢ê¯­á´€É´ê¯­â³ê¯­â‹ê¯­
â€â•â€Œâ€Œâ–ˆğŸ˜Î²Î±ä¹‚tLi QÃ¯ZaLâQğŸ˜œâ–ˆâ•â€
\(â—â€¢á´—â€¢â—\) ãƒŸğŸ’– ğ•†ğ•˜ğ•šğ•ğ• ğ•ª ğŸ’–å½¡
ğŸ˜ŒSÎµvGÎ¹GÎ± Dà¸¥à¹— XÎ±Î³ÏƒÏ„GÎ± QÎ±Dà¸„à¹“ğŸ˜Œ
ê•¤ê™³Î”â·£á¤»Îµá¤»â··Ï„á¤»â·®Îºá¤»â·¦Î±á¤»â·¶ Ñá¤»â·»Ïâ·¬á¤»Ï…â€Œá¤»Ñá¤»â·­Ï„â·®á¤»Ğºá¤»â·¦Î±á¤»â·¶ê™³ê•¤
ê•¤ê™³Î”â·£á¤»Îµá¤»â··Ï„á¤»â·®Îºá¤»â·¦Î±á¤»â·¶ Ñá¤»â·»Ïâ·¬á¤»Ï…â€Œá¤»Ñá¤»â·­Ï„â·®á¤»Ğºá¤»â·¦Î±á¤»â·¶ê™³ê•¤
à¦Šà¦ˆ â¤ ã®erskÎ±É¤Î± â¤ï¸ à¦Šà¦ˆ â€¢â–
Fazliddin
â§ê¯­â˜„ï¸ê¯­â¤Ì«Ì«Ì«Ì«Ì«Ì«Ì«Ì«Ì«Ì«ê¯­ğ™Œğ†¬ê¯­ğœ„ğ†¬ê¯­ğ‘§ğ†¬ğœ„ğ†¬ê¯­ğœ‘ğ†¬ê¯­ğ‘šğ†¬ê¯­ğ›¼ğ†¬ê¯­âŸ®ê¯­ğŸ¤ê¯­âŸ¯ê¯­ê¯­ğ™‰ğ†¬ê¯­ê¯­ğ›¼ğ†¬ê¯­ğœ’ğ†¬ê¯­ğœ’ğ†¬ê¯­ğœ‡ğ†¬ê¯­ğ›¾ğ†¬ê¯­â§
ğŸ‘‘ Ğšà¹‘×§à¹‘à¸ ÎµĞ²à¸¥ Ï„à¸¥Ğ½Ñ†Ï€à¹‘à¸ à¸¥ ğŸ˜Œ
ğŸ¥€ â¤ï¸ ğ™³ğ™¸ğ™»ğ™µğš„ğš‰ğ™° â¤ï¸ ğŸ¥€
â£ê¯­ğŸ§¸ âˆ‚Î¹â„“fÏ…zÎ± ê¯­ğŸ‡µê¯­ğ™¾ê¯­ğ™¼ê¯­á®ê¯­ğ™°ê¯­áê¯­ğ™¾ê¯­ ê¯­ğŸŒ¸ğŸ’
ğ„„ğ„€ê¯­ğ„½ğ„€ğ„„ê¯­ê¯­ğŸ‡·ğŸ‡ºê¯­ğ„„ğ„€ğ„½ğ„€ğ„„ê¯­ÜŠê¯­ê¯­ê¯­ğÌ…Ì„Ì„Ì…â·¡Ìªê¯­ğ„„ê¯­ğ„„ğ‘±…Ì²ÌºÍ™ğ„„ğ„„ê¯­ğˆÌ…Ì„Ì„Ì…Í¥ğ„„ê¯­ğ„„ğ‘±…Ì²ÌºÍ™ğ„„ğ„„ê¯­ê¯­ğ‹Ì…Ì„Ì„Ì…á·ğ„„
ğŸŒµĞšÉ‘ĞºÏ„Î³Ñ Ñ Î”Î³ÑˆÖ…Ğ¹ ÏÏƒÊÉ‘ÑˆĞºÏ… ğŸŒ¸
ê¦·ê¯­ê¯­ê¦¿ê¯­ğŸ˜Œê¯­ğŸ’œê¯­â¤ê¯­ğŸŒ¸ê¯­Ğ½Ğµ Ğ²Ğ°Ğ¶Ğ½Ğ¾ ğŸ¥€ĞºÑ‚Ğ¾ Ğ¯â¤ê¯­ğŸŒ¸ê¯­ğŸ¥€ê¯­ê¦·ê¦¿
âœ¼_G á·›Ï… â€ŒL á·Î¹ â€Œmâ€Œ_âœ¼
ğ„„ğ„€ê¯­ğ„½ğ„€ğ„„ê¯­ê¯­ğŸ‡·ğŸ‡ºê¯­ğ„„ğ„€ğ„½ğ„€ğ„„ê¯­ÜŠê¯­ê¯­ê¯­ğÌ…Ì„Ì„Ì…â·¡Ìªê¯­ğ„„ê¯­ğ„„ğ‘±…Ì²ÌºÍ™ğ„„ğ„„ê¯­ğˆÌ…Ì„Ì„Ì…Í¥ğ„„ê¯­ğ„„ğ‘±…Ì²ÌºÍ™ğ„„ğ„„ê¯­ê¯­ğ‹Ì…Ì„Ì„Ì…á·ğ„„
Ğ¤Ğ°Ñ€Ñ…Ğ°Ñ‚
Hossain
Ğ‘Ñ‹Ñ‡Ğ¸Ğ½
ğŸ
Ğ“ĞµĞ²Ğ°Ñ€Ğ°
Babaei
ğŸŒ±SEED Î£ âš¡VIA #Memhash













ğŸ¼

ğŸ¼






ğŸ¼
ğŸ¼




ğŸˆâ¬›ğŸ¼


ğŸ¼
ğŸ¼
ğŸ¼
ğŸ¼
ğŸ¼
ğŸ¼
ğŸ¼



0ğŸ¼
ğŸ¼
ğŸ¼

ğŸ¼



ğŸ¼
ğŸ¼
ğŸ¼
ğŸ¼
ğŸ¼
ğŸ¼
ğŸ¼
ğŸ¼
ğŸ¼
ğŸ¼
ğŸ¼
ğŸ¼
ğŸ¼
ğŸ¼
ğŸ¼
ğŸ¼
ğŸ¼
ğŸ¼
ğŸ¼
ğŸ¼
ğŸ¼
ğŸ¼
ğŸ¼
ğŸ¼

ğŸ¼
ğŸˆâ¬›
Ğ¢Ğ•Ğ¥ĞŸĞĞ”Ğ”Ğ•Ğ Ğ–ĞšĞ



zz
Ğ¥Ñ€Ğ¾Ğ¼ÑƒĞº
ğ’ğ’ğ’‰ğ’”ğ’†ğ’ğŸ¦’ğŸ
ğŸ¦´â–ªğŸ¦’ğŸ
mohsenğŸ¦’ğŸğŸŒ±SEED Î£
ğŸ… | DropsğŸ’§ ğŸ Î£ ğŸŒŠ Wave âœŒï¸Yescoiner #Memhash ğŸŒ±SEED Meshchain.Ai
LeonğŸ¶
[ğ™°ğš’ğš›ğšğš›ğš˜ğš™ğ™½ğš’ğš–ğš‹ğš›ğšğš—ğš] MyGate Network
Pop
Rana
Baijedâ™£ï¸â™£ï¸
Miriko
Ali
áŠ||áŠ DeSpeed áŠ||áŠ
BL
21
ğŸŒ±SEED
87 'NodeGo.Ai'
AÃ±onuevoğŸ’ ğŸŒ±SEEDğŸ¦’
AÃ±onuevoğŸ’ ğŸŒ±SEEDğŸ¦’
Mario â¤ï¸BC.GAME
Forde
ğŸ’ â–ªï¸ğŸ¦ SUIğŸğŸŒ±SEEğŸ¦’ğŸÎ£
#Memhash Meshchain.AiğŸ¤²SEED
âªâ¬â®â®â®â® â€Œâ€Œâ€Œâ€Œ
M
â–ª BumsğŸ‘¾ BITSğŸŒ±SEEDğŸ¦’Meshchain.AiğŸ
GaMingTzy
ArbanğŸŒ±SEE
AiriğŸŒ±SEEDÎ£
Amin
â˜˜ï¸
Algalib
ğŸ†™ UXUY ğŸ“¦ Bums
legiT
Ğ¡Ğ»ĞµĞ´Ğ¸Ñ‚Ğµ Ğ·Ğ° Ñ‡Ğ°Ñ‚Ğ¾Ğ¼ Ğ¸ ĞºĞ°Ğ½Ğ°Ğ»Ğ¾Ğ¼ @JetTonBonus
ğŸ±CATGOLD ğŸ†™ UXUY
à¸…^â—¡ â©Š â—¡^à¸…KaisarğŸŒ±SEEDğŸ“¦BumsğŸ©ğŸğŸğŸ—ï¸NordomğŸšªğŸŒŠ Wave
R
Ahmed
ğŸ“¦ Bums ğŸŒŠ Wave Î£ âš¡VIA MyGate Network
Makerâ•
SahağŸ¦´ğŸ¶Î£âœŒï¸Yescoiner ğŸ†™ UXUY
Ali â–ªï¸ ğŸ¶ğŸ¦´Î£ ğŸ†™ UXUY
Q â–ªï¸ğŸ¦´ğŸ¶Î£ğŸ†™ UXUY
.
Smith
Hardison
Misfeldt
Blankenship
Garcia
Mahoney
Jones
Comeaux
Rutledge
Miller
Hart
Sutch
Fisher
Hyatt
Enciso
Bennett
Barbosa
Brown
Ritz
Noble
Lazarine
Ripson
Hicks
Hastings
Ellison
Heefner
Viteri
Patton
Kellogg
Higgins
Pimental
Henriquez
Nielsen
Honda
Chavez
Scott
Lynch
Matthews
Thomas
Robinson
Lopez
Littlejohn
Siddoway
Kling
Pontious
Schnoor
Maisenbacher
Spencer
Macmillan
Donaldson
Collins
Adams
Owens
Fridman
Lloyd
Jackson
Bold
Wall
Cooperrider
Krueger
Moon
Skipper
Montgomery
Evans
Clark
Evanson
Puffinburger
Casady
Spence
Wischmeier
Mckie
Brink
Cook
Sproles
Powell
King
Aldredge
Metzner
Herrera
Belville
Patter
Pruitt
Goodale
Barnes
Poole
Wolverton
Smith
Kim
Green
Wilkinson
Tran
Ford
House
Mascagni
Gibson
Harris
Ramos
Webb
Dettloff
CamiloğŸŒ±
Favors
Barksdale
Mihelich
Obrien
Metzger
Harris
Johnson
Mullinix
Henrie
Blake
Blair
Robbins
Hill
Andrews
Charles
Wentzloff
Lane
Walker
Klein
Scott
Spachtholz
Vaught
Gardner
Eldridge
Moya
Schmidt
Baker
Owen
Watkins
Leisenring
Allen
White
Colon
Kennell
Lane
Stroth
Davis
Briscoe
Davis
Tabor
Lebel
Clark
Shoults
Palma
Martinez
Tuck
Acton
Scott
Stanton
Lloyd
Ullmann
Littleton
Sorrels
Macpherson
Walls
Waszkiewicz
Matthews
Leach
Williams
King
Farrell
Trover
Burkins
Zamudio
Boom
Granata
Sequra
Campbell
Blair
Moreno
Bond
Lugo
Plitt
Kujawa
Davis
Shaw
Rosa
Briggs
Bekins
Salano
Steere
Fleshman
Bell
Fennessey
Vanhouten
Albert
Schiele
Bartz
Kuehne
Codner
Jenney
Neave
Munro
Potvin
Fulmer
Heimann
Oquendo
Peters
Roscioli
Booker
Loter
Brahim
Smith
Bosworth
Langley
Bateman
Rae
Volkman
Heilmann
Metz
Mccracken
Culpepper
Johnson
Mccue
Purvis
Hernandez
Brown
Jones
Rubin
Alejos
Verkamp
Wolford
Lanza
Peterson
Haley
Paredez
Stover
Tucker
Rieves
Kimes
Harrington
Lumukanda
Turner
Munn
Rodriguez
Colon
Mcmillan
Jones
Studt
Cook
Egan
Cano
Storms
Parkison
Gilbert
Duke
Echevarria
Harlan
Traylor
Greenwell
Bui
Stukel
Jimenez
Johnston
Looney
Carter
Adkins
Williams
Coleman
Taylor
Jackson
Ciresi
Schafer
Holsinger
Veal
Pineiro
Kelly
Wilkins
Angeles
Carpenter
Sanders
Smittle
Burke
Tackett
Haag
Bynum
Thompson
Rutherford
Emmick
Quinn
Baptiste
Lachance
Roman
Layne
Backlund
Joseph
Long
Rose
Class
Saunders
Burgess
Miller
Dostal
Batton
Jenkins
Adams
Mcnelis
Mcdermott
Smith
Hatcher
Richâ–ªï¸
Salazar
Cox
Nicholson
Crosten
To
Perry
Arroyo
Mckinley
Gilbert
Mitchell
Williams
Miller
Rousse
Bilyeu
Dearmitt
Edmonds
Samuel
Toth
Henson
Burton
Ray
Brannan
Marcum
Gomez
Nissen
Macdonald
Brookens
Collins
Karol
Montgomery
Watson
Hoffman
Murrell
Dreesman
Edmons
Kraus
Pirrone
Nelson
Pfundt
Franco
Mata
Dominguez
Thompson
Bickel
Pinkston
Dawson
Romero
Alverson
Hall
Rice
Vian
Bartos
Delaune
Johnson
Brinkley
Nichols
Mcmahon
Peterson
Payne
Knott
Green
Almanzar
Kridler
Smith
Saunders
Lindsey
Gaffney
Tilbury
Cashman
Ferrara
Goodson
Hester
Hancock
Vargas
Kyle
Dunn
Sauceda
Schmaltz
Schmidt
Morey
Newman
Desbiens
Boling
Greene
Coleman
Sanford
Jenkins
Millan
Lorusso
Busby
Edwards
Acosta
Gravitt
Ruiz
Sether
Kelly
Jones
Brown
Bernhardt
Trinidad
Allen
Getter
Terry
Odell
Olson
Wingert
Warner
Gorski
Ford
Rodriquez
Hauff
Brooks
Haynes
Smith
Spiess
Curtis
Mills
Blankenship
Borrego
Brown
Gerrity
Riggs
Carter
Patterson
Narro
Briggs
Guiney
Stafford
Aponte
Barroso
Sexton
Bruce
Glasper
Stinett
Tallman
Lacy
Potter
Thomason
Marciniak
Juarez
Callahan
Fontaine
Greene
Keller
Webb
Williams
Acevedo
Bruns
Vang
Mahone
Northrup
Swartz
Bobo
Pass
Marks
Unger
Crockett
Dixion
Erwin
Johnson
Williams
Aadland
Phillips
Knox
Melendez
Robbins
Standley
Edwards
Grubbs
Lamas
Evans
Salada
Pittenger
Nance
Taylor
Manuel
Bunn
Osorio
Green
Solis
Rigel
Davis
Le
Seidel
Jordan
Williams
Bartlett
Mason
Shetler
Lorensen
Miller
Benigni
Cruz
Smith
Mitchell
Bork
Randall
Johnson
Chute
Harvey
Spradlin
Redfern
Clear
Verrelli
Williamson
Greco
Dupre
Easterling
Hackler
Baker
Smith
Kerrigan
Boyle
Roman
Stallings
Hughes
Irwin
Johnson
Gooch
Card
Wilcox
Burgess
Ayer
Shell
Rivera
Meredith
Taylor
Rowe
Fleischmann
Elliott
Hinojosa
Watson
Toney
Wilson
Fuentes
Roane
Arrington
Walker
Campbell
Magnie
Duncan
Walker
Galligan
Colburn
Arant
Watson
Donaldson
Patterson
Glover
Hoover
Garcia
Pace
Pope
Clennon
Ryan
Mantini
Lenard
Hoffstetter
Peel
Coppin
Sirois
Cannon
Wright
Mcelrath
Bell
Mccloskey
Shipe
Muto
Mcclintock
Martinez
Garcia
Lang
Summa
Campbell
Bertrand
Poormon
Mini
Wagner
Peoples
Armstrong
Etheridge
Tincher
Wilson
Hutchison
Hamblin
Dodge
Knight
Hoover
Blevins
Bachmanâ–ªï¸
â–ªâ–ªï¸â–ªï¸â–ªï¸â–ªï¸â–ªï¸
OfğŸŒ±SEEDâ–ªï¸â–ªï¸â–ªğŸ‡§ğŸ‡©â–ªï¸
me ğŸŒ±SEEDâœŒï¸Yescoiner
Î˜Ï‰à¸ erâ–ªï¸
Bossâ–ªï¸ğŸŒŠ Waveâ–ªï¸ğŸŒŠ Wave
Bossâ–ªï¸ğŸŒŠ Wave
Hmmâ–ªï¸ğŸŒŠ Wave
Jariyanâ–ªï¸ğŸŒŠ Wave
Bossâ–ªï¸ğŸŒŠ Wave
Bossâ–ªï¸ğŸŒŠ Wave
BossğŸŒ±SEEâ–ªï¸ğŸŒŠ Wave
Abdul MannanğŸŒ±SEEâ–ªï¸ğŸŒŠ ğŸ
BossğŸŒ±SEEâ–ªï¸ğŸŒŠ Wave
ğŸŒ±SEEâ–ªï¸ğŸŒŠ ğŸ†™ UXUY
ğŸ…ğŸ
ğŸ‡¦ ğŸ‡© ğŸ‡² ğŸ‡® ğŸ‡³ğŸˆâ€ğŸŒ±ğŸŒŠ âœŒï¸ğŸ†™ UXUY
Khosh
Aditto BabyDoge PAWS ğŸ¦´ğŸ¶ âœŒï¸Yescoiner ğŸ†™ UXUY
IQ
Shunin
Ğ‘Ğ¾Ğ³Ñ€Ğ¾Ğ²
DALA
ĞšĞ¸Ñ€Ñ€Ğ¸Ğ»Ğ¾Ğ²Ğ¸Ñ‡
ĞĞ½Ñ‚Ğ¾Ğ½Ğ¾Ğ²Ğ¸Ñ‡
ã…¤
Ğ¤Ğ¾Ğ¼Ğ¸Ğ½
ĞŸÑ€Ğ¾Ğ¿Ğ¾Ğ¿Ğ¾Ğ¿Ğ¾Ğ²
Rahman
100Ğ¿ÑƒĞ´Ğ¾Ğ²Ñ‹Ñ… Ğ§ĞµĞºĞ¾Ğ²
Ğ¡Ñ‚ĞµĞ¿Ğ¾Ğ²Ğ¾Ğ¹
| DropsğŸ’§SEED ğŸŒ±â“‚ï¸ MEMESğŸ¶ğŸ¦´ğŸŒŠ ğŸ†™ UXUY
á´‹á´€Ê€
ï¸
ï¸
ï¸
0930
Khan
ï¸
ï¸
ï¸
Hasan
Khan
Khan
Hossen
Khan
islam
Herry
Khan
Khan
Baziyar
King ğŸ…â–ªï¸
DropsğŸ’§ ğŸ’ 
Sanayeva
Khan
Khan
Raza
Khan
Mim
Khan
Khan
Khan
Khan
| DropsğŸ’§ğŸ†™ UXUY
Asadâœˆï¸ğŸ¦´

Ø´Ø±ÛŒÙÛŒ
Sharifi
Kha
Gheem
Miuj
Rezkallah
Admin
F1
Hamoud
Hamoudi
baaj
Baaj
ğ‘†ğ‘–ğ‘›ğ‘”â„
Ghost
Princess ğŸ˜˜
2.0
FOXCOIN
Joon
Solh
Lilia
ğŸ¥°
Abbas ğŸ¦´ Î£ ğŸ.W-Coin
Maleki
#HowToInstallWindows10
Ğ‘Ğ°Ğ±ÑƒÑˆĞºĞ¸Ğ½
Help
BğŸ¦’ğŸŒ±SEEDğŸ
136
Ø­Ø³ÛŒÙ†ÛŒ
X
á´®á´¼Ë¢Ë¢
DaCheğŸ¶ğŸ¶ğŸ¶
ğŸŒ±ğŸ¸
Rana islamğŸ¶
RANA| DropsğŸ’§
â–ª ğŸ…ğŸŒ±SEEDğŸ| DropsğŸ’§ğŸ¸ğŸ¦´âœŒï¸Yescoiner
NAR ğŸŒğŸŒ±SEED ğŸ†™ğŸ¶ğŸ¶
PğŸ¶ğŸ¶ğŸ¶ğŸ¶ğŸ¶ğŸ¶ğŸ¶ğŸ¶ğŸ¶ğŸ¶ğŸ¶ğŸ¶ğŸ¶ğŸ¶ğŸ¶
BDropsğŸ’§ğŸ
BoyğŸ¶
Krivaltsevich
ğŸŒ±SEEğŸ
ĞĞ½Ñ‚Ğ¾Ğ½Ğ¾Ğ²
SumonğŸŒ±SEEDğŸŒŠ Wave
najmul
BğŸ“¦ BumsğŸ¦ğŸŒ±SEEDâœŒï¸YescoinerğŸ†™ UXUY
M 0.2
Nayeem ğŸŒ±SEED
â–ªï¸Î£ğŸğŸ¥ 
Aglodiya
Ahmeda ğŸ… ğŸŒ±SEED âœŒï¸Yescoiner
Soja
ğŸ˜©ğŸ˜‚Mma
Pari
Basket
Ğ”ĞµÑ€Ğ´ĞµĞ½
Ğ¡Ğ¸Ğ»ÑŒĞ²ĞµÑ€
Ğ¡Ğ¾ÑĞµĞ´Ğ¾Ğ²
KarakullukÃ§u
Ğ™Ğ¾Ğ³ÑƒÑ€Ñ‚
Î£ğŸğŸ¦‰ğŸŒ±SEEDğŸ¥ Mmm
Ahmed
Ğ‘Ğ¼Ğ²
"Sahed  ğŸ“¦ Bums | DropsğŸ’§ğŸŒ±SEEDğŸ ""Meshchain.Ai""âœŒï¸YescoinerğŸ†™ UXUY"
ğŸ¦´
Ú©ÛŒØ§ğŸ¥ ğŸ…ğŸ¦‰ğŸÎ£âœŒï¸Yescoiner
ĞĞµĞ²ÑĞºĞ¸Ğ¹
Ğ¢Ğ²Ğ¸ÑÑ‚ĞµÑ€
ĞĞ½Ğ´Ñ€ĞµĞµĞ²
â–ªï¸Î£ğŸğŸ¥ Roko
Kharlla
TsoyğŸ¶
Ğ’ĞĞ›Ğ•ĞğŸ§¶ĞšğŸ¶ğŸ¶ğŸ¶
"âš¡""ElektroMetallGold"" OKâš¡"ğŸ¶
KğŸ¶
Ğ‘Ñ€Ğ¸Ğ½
ğŸŒ±SEED
ğŸŒ±SEED
ğŸŒ±SEED
ğŸŒ±SEED
ğŸŒ±SEED
Sayd
äº†è§£æ‚¨çš„å®¢æˆ¶æœå‹™ğŸ¦´
Cheyenne
Serov
Lionel
âœŒï¸Yescoiner
Fatima
Rizwan
Wood
Mixx
Stark
White
Ahmed
Itaci
NarjiğŸ’› Sons of Ton
| DropsğŸ’§
Sil'etğŸŒ±SEED $ğŸ¦œSUI | DropsğŸ’§â¤ï¸Meshchain.Ai $OXYZ ğŸğŸ’› Sons of Ton
vai
Beholder
Mozahid
Hani| DropsğŸ’§âœŒï¸Yescoiner
Mejhe| DropsğŸ’§âœŒï¸Yescoiner
KHOLIl DropsğŸŒ±
Tibi
S...
ğŸŒ±SEED
Ğ—Ğ°Ğ¹ĞºĞ¸Ğ½Ğ°
ê§ğŸ’œà¼ºğ•¾ğ–›ğ–Šğ–™ğ–Œğ–ğ–Ÿğ–“ğ– à¼»ğŸ’œê§‚
ğŸŒ±SEED ğŸ¶
#Memhash
ğŸŒ±SEED ğŸ
Onoprienko
De
"$MONO "" ğŸğŸ’ ğŸŒ• Ø§Ù„Ø­ÙŠØ§Ø©"
tambun
Tjia
The Cat
Ufo
Uduak
Man
Vsv.
Addong79
Tara whu
KonovalovğŸ’ğŸ…ğŸ¦’ğŸ¦´ğŸ¦†FLIES ğŸª°ğŸ“¦ BumsğŸğŸ†™ UXUY
FS ğŸŒ±SEED ğŸ¦’ ğŸ“¦ ğŸ… â–ª Î£
Brain broğŸ¦‰ğŸ“¦ Bums â¤ï¸ ğŸ¦‰ğŸŒ±SEED
NAJMAN
â–ªï¸ğŸŒ±ğŸ”µ ONUSğŸŒŠ Wave
Hoe
ğŸ
$VROGğŸŒ±SEED
"Sachan ğŸ… ğŸŒ±SEED ğŸ¦ SUI"" ğŸ‘¾ ğŸ¸ğŸ•ğŸ†™ UXUY"
Fahim Hossain
$
